{
  "textures": {
    "particle": "pitagna_mod_extension:block/nether-portal-gif-i-got-it-from-the-game-files-and-upscaled-v0-841666uly00b1",
    "portal": "pitagna_mod_extension:block/nether-portal-gif-i-got-it-from-the-game-files-and-upscaled-v0-841666uly00b1"
  },
  "elements": [
    {
      "from": [
        0,
        0,
        6
      ],
      "to": [
        16,
        16,
        10
      ],
      "faces": {
        "north": {
          "uv": [
            0,
            0,
            16,
            16
          ],
          "texture": "#portal"
        },
        "south": {
          "uv": [
            0,
            0,
            16,
            16
          ],
          "texture": "#portal"
        }
      }
    }
  ],
  "render_type": "translucent"
}