{
  "_fv": 79,
  "_type": "procedure",
  "definition": {
    "procedurexml": "<?xml version=\"1.0\" encoding=\"UTF-8\" standalone=\"no\"?><xml xmlns=\"https://developers.google.com/blockly/xml\"><block deletable=\"false\" type=\"event_trigger\" x=\"93\" y=\"77\"><field name=\"trigger\">no_ext_trigger</field><next><block type=\"controls_if\"><value name=\"IF0\"><block type=\"math_binary_ops\"><field name=\"OP\">GTE</field><value name=\"A\"><block type=\"variables_get_number\"><mutation xmlns=\"http://www.w3.org/1999/xhtml\" has_entity=\"true\" is_player_var=\"true\"/><field name=\"VAR\">global:Pitagna_power</field><value name=\"entity\"><block type=\"entity_from_deps\"/></value></block></value><value name=\"B\"><block type=\"math_number\"><field name=\"NUM\">2</field></block></value></block></value><statement name=\"DO0\"><block type=\"spawn_entity_with_rotation_velocity\"><field name=\"entity\">EntityCat</field><value name=\"x\"><block type=\"coord_x\"/></value><value name=\"y\"><block type=\"coord_y\"/></value><value name=\"z\"><block type=\"coord_z\"/></value><value name=\"yaw\"><block type=\"math_number\"><field name=\"NUM\">0</field></block></value><value name=\"pitch\"><block type=\"math_number\"><field name=\"NUM\">0</field></block></value><value name=\"vx\"><block type=\"math_number\"><field name=\"NUM\">0</field></block></value><value name=\"vy\"><block type=\"math_number\"><field name=\"NUM\">0</field></block></value><value name=\"vz\"><block type=\"math_number\"><field name=\"NUM\">0</field></block></value><next><block type=\"variables_set_number\"><mutation xmlns=\"http://www.w3.org/1999/xhtml\" has_entity=\"true\" is_player_var=\"true\"/><field name=\"VAR\">global:Pitagna_power</field><value name=\"VAL\"><block type=\"math_dual_ops\"><field name=\"OP\">MINUS</field><value name=\"A\"><block type=\"variables_get_number\"><mutation xmlns=\"http://www.w3.org/1999/xhtml\" has_entity=\"true\" is_player_var=\"true\"/><field name=\"VAR\">global:Pitagna_power</field><value name=\"entity\"><block type=\"entity_from_deps\"/></value></block></value><value name=\"B\"><block type=\"math_number\"><field name=\"NUM\">2</field></block></value></block></value><value name=\"entity\"><block type=\"entity_from_deps\"/></value><next><block type=\"entity_close_gui\"><value name=\"entity\"><block type=\"entity_from_deps\"/></value></block></next></block></next></block></statement></block></next></block></xml>",
    "skipDependencyNullCheck": false
  }
}