{
  "_fv": 79,
  "_type": "gui",
  "definition": {
    "type": 0,
    "width": 176,
    "height": 166,
    "inventoryOffsetX": 0,
    "inventoryOffsetY": 0,
    "renderBgLayer": true,
    "doesPauseGame": false,
    "components": [
      {
        "type": "button",
        "data": {
          "name": "button_run",
          "text": "run",
          "isUndecorated": false,
          "onClick": {
            "name": "PitagnaLuckyBlockProcedure"
          },
          "width": 40,
          "height": 20,
          "x": 189,
          "y": 136,
          "locked": false
        }
      },
      {
        "type": "image",
        "data": {
          "image": "cahtome_icon.png",
          "use1Xscale": false,
          "x": 172,
          "y": 80,
          "locked": false
        }
      },
      {
        "type": "image",
        "data": {
          "image": "pitagna_ingot.png",
          "use1Xscale": false,
          "x": 236,
          "y": 80,
          "locked": false
        }
      }
    ],
    "gridSettings": {
      "sx": 18,
      "sy": 18,
      "ox": 11,
      "oy": 15,
      "snapOnGrid": false
    }
  }
}