{
  "_fv": 79,
  "_type": "command",
  "definition": {
    "commandName": "/pitagnapower",
    "type": "STANDARD",
    "permissionLevel": "No requirement",
    "argsxml": "<xml xmlns=\"https://developers.google.com/blockly/xml\"><block type=\"args_start\" deletable=\"false\" x=\"40\" y=\"40\"><next><block type=\"number_default\"><field name=\"name\">name</field><statement name=\"args\"><block type=\"call_procedure\"><field name=\"procedure\">Pitagnapowercommandprocedure</field></block></statement></block></next></block></xml>"
  }
}