{
  "_fv": 79,
  "_type": "gui",
  "definition": {
    "type": 0,
    "width": 175,
    "height": 166,
    "inventoryOffsetX": 0,
    "inventoryOffsetY": 0,
    "renderBgLayer": true,
    "doesPauseGame": false,
    "components": [
      {
        "type": "imagebutton",
        "data": {
          "name": "imagebutton_cahtome_icon",
          "image": "cahtome_icon.png",
          "hoveredImage": "",
          "onClick": {
            "name": "Sortgui1"
          },
          "x": 130,
          "y": 41,
          "locked": false
        }
      },
      {
        "type": "imagebutton",
        "data": {
          "name": "imagebutton_pitagna_ingot",
          "image": "pitagna_ingot.png",
          "hoveredImage": "",
          "onClick": {
            "name": "Sortgui2"
          },
          "x": 150,
          "y": 41,
          "locked": false
        }
      }
    ],
    "gridSettings": {
      "sx": 8,
      "sy": 18,
      "ox": 11,
      "oy": 15,
      "snapOnGrid": false
    }
  }
}