{
  "_fv": 79,
  "_type": "procedure",
  "definition": {
    "procedurexml": "<?xml version=\"1.0\" encoding=\"UTF-8\" standalone=\"no\"?><xml xmlns=\"https://developers.google.com/blockly/xml\"><block deletable=\"false\" type=\"event_trigger\" x=\"40\" y=\"40\"><field name=\"trigger\">no_ext_trigger</field><next><block type=\"entity_close_gui\"><value name=\"entity\"><block type=\"entity_from_deps\"/></value><next><block type=\"entity_open_gui\"><field name=\"guiname\">Pitagnome</field><value name=\"entity\"><block type=\"entity_from_deps\"/></value><value name=\"x\"><block type=\"coord_x\"/></value><value name=\"y\"><block type=\"coord_y\"/></value><value name=\"z\"><block type=\"coord_z\"/></value><next><block type=\"variables_set_number\"><mutation xmlns=\"http://www.w3.org/1999/xhtml\" has_entity=\"true\" is_player_var=\"true\"/><field name=\"VAR\">global:number_pitagnome</field><value name=\"VAL\"><block type=\"math_number\"><field name=\"NUM\">0</field></block></value><value name=\"entity\"><block type=\"entity_from_deps\"/></value></block></next></block></next></block></next></block></xml>",
    "skipDependencyNullCheck": false
  }
}