{
  "_fv": 79,
  "_type": "recipe",
  "definition": {
    "recipeType": "Crafting",
    "recipeRetstackSize": 1,
    "group": "",
    "unlockingItems": [],
    "cookingBookCategory": "MISC",
    "xpReward": 0.0,
    "cookingTime": 200,
    "craftingBookCategory": "MISC",
    "recipeShapeless": false,
    "recipeSlots": [
      {
        "value": "Blocks.AIR"
      },
      {
        "value": "Items.FLINT"
      },
      {
        "value": "Blocks.AIR"
      },
      {
        "value": "Items.FLINT"
      },
      {
        "value": "Items.FLINT_AND_STEEL"
      },
      {
        "value": "Items.FLINT"
      },
      {
        "value": "Blocks.AIR"
      },
      {
        "value": "Items.FLINT"
      },
      {
        "value": "Blocks.AIR"
      }
    ],
    "recipeReturnStack": {
      "value": "CUSTOM:PitagnaDimension"
    },
    "name": "pitagna_flint_and_steel_recipe",
    "namespace": "mod"
  }
}