{
  "_fv": 79,
  "_type": "dimension",
  "definition": {
    "biomesInDimension": [
      {
        "value": "CUSTOM:Cat"
      }
    ],
    "worldGenType": "Normal world gen",
    "mainFillerBlock": {
      "value": "Blocks.DIAMOND_ORE"
    },
    "fluidBlock": {
      "value": "Blocks.DIAMOND_ORE"
    },
    "seaLevel": 63,
    "generateOreVeins": false,
    "generateAquifers": false,
    "horizontalNoiseSize": 1,
    "verticalNoiseSize": 2,
    "defaultEffects": "overworld",
    "useCustomEffects": true,
    "hasClouds": false,
    "cloudHeight": 192.0,
    "skyType": "NORMAL",
    "sunHeightAffectsFog": false,
    "canRespawnHere": false,
    "hasFog": false,
    "ambientLight": 0.0,
    "doesWaterVaporize": false,
    "hasFixedTime": false,
    "fixedTimeValue": 0,
    "coordinateScale": 1.0,
    "infiniburnTag": "minecraft:infiniburn_overworld",
    "bedWorks": false,
    "hasSkyLight": false,
    "imitateOverworldBehaviour": false,
    "piglinSafe": false,
    "hasRaids": true,
    "minMonsterSpawnLightLimit": 0,
    "maxMonsterSpawnLightLimit": 7,
    "monsterSpawnBlockLightLimit": 0,
    "portalFrame": {
      "value": "Blocks.NETHERITE_BLOCK"
    },
    "portalParticles": {
      "value": "PORTAL"
    },
    "portalLuminance": 15,
    "portalSound": {
      "value": "block.portal.ambient"
    },
    "enableIgniter": true,
    "igniterName": "Pitagna Dimension Portal Igniter",
    "igniterRarity": "RARE",
    "specialInformation": {
      "fixedValue": []
    },
    "creativeTabs": [
      {
        "value": "TOOLS"
      }
    ],
    "texture": "create_a_light_green",
    "portalTexture": "nether-portal-gif-i-got-it-from-the-game-files-and-upscaled-v0-841666uly00b1",
    "enablePortal": true
  }
}