{
  "_fv": 79,
  "_type": "structure",
  "definition": {
    "structure": "pitagna_temple",
    "projection": "terrain_matching",
    "ignoredBlocks": [
      {
        "value": "Blocks.STRUCTURE_BLOCK"
      }
    ],
    "spacing": 10,
    "separation": 4,
    "restrictionBiomes": [
      {
        "value": "jungle"
      },
      {
        "value": "bamboo_jungle"
      },
      {
        "value": "jungle_edge"
      }
    ],
    "terrainAdaptation": "bury",
    "generationStep": "SURFACE_STRUCTURES",
    "surfaceDetectionType": "WORLD_SURFACE_WG",
    "useStartHeight": true,
    "startHeightProviderType": "UNIFORM",
    "startHeightMin": 60,
    "startHeightMax": 128,
    "size": 1,
    "maxDistanceFromCenter": 64,
    "jigsawPools": []
  }
}