{
	"format_version": "1.21.6",
	"credit": "Made with Blockbench",
	"textures": {
		"0": "texture",
		"2": "texture2",
		"3": "texture3",
		"particle": "texture"
	},
	"elements": [
		{
			"from": [0, 0, 0],
			"to": [17, 16, 16],
			"faces": {
				"north": {"uv": [0, 0, 4.25, 4], "texture": "#2"},
				"east": {"uv": [0, 8, 4, 12], "texture": "#2"},
				"south": {"uv": [0, 4, 4.25, 8], "texture": "#2"},
				"west": {"uv": [4, 8, 8, 12], "texture": "#2"},
				"up": {"uv": [8.5, 4, 4.25, 0], "texture": "#2"},
				"down": {"uv": [8.5, 4, 4.25, 8], "texture": "#2"}
			}
		},
		{
			"from": [17, 11, 6],
			"to": [19, 16, 9],
			"rotation": {"angle": 0, "axis": "y", "origin": [17, 14, 7]},
			"faces": {
				"north": {"uv": [0, 5, 2, 10], "texture": "#3"},
				"east": {"uv": [0, 0, 3, 5], "texture": "#3"},
				"south": {"uv": [2, 5, 4, 10], "texture": "#3"},
				"west": {"uv": [3, 0, 6, 5], "texture": "#3"},
				"up": {"uv": [6, 8, 4, 5], "texture": "#3"},
				"down": {"uv": [8, 0, 6, 3], "texture": "#3"}
			}
		},
		{
			"from": [-1, 16, -1],
			"to": [18, 18, 17],
			"rotation": {"angle": 0, "axis": "y", "origin": [0, 16, 0]},
			"faces": {
				"north": {"uv": [4.75, 0, 9.5, 0.5], "texture": "#0"},
				"east": {"uv": [4.75, 1, 9.25, 1.5], "texture": "#0"},
				"south": {"uv": [4.75, 0.5, 9.5, 1], "texture": "#0"},
				"west": {"uv": [4.75, 1.5, 9.25, 2], "texture": "#0"},
				"up": {"uv": [4.75, 4.5, 0, 0], "texture": "#0"},
				"down": {"uv": [4.75, 4.5, 0, 9], "texture": "#0"}
			}
		}
	],
	"display": {
		"thirdperson_righthand": {
			"translation": [0, -3.5, 0]
		}
	}
}